"Symbol","Description","Category2","Category3","GICS Sector","Market cap","Dividend yield","Country","Action"
"TRGP","Targa Resources Corp","Common stocks","Large cap","Energy","$14,470,391,378","1.41%","USA","Analyze"
"EQT","EQT Corporation","Common stocks","Large cap","Energy","$13,598,913,944","0.68%","USA","Analyze"
"STLD","Steel Dynamics Inc","Common stocks","Large cap","Materials","$13,346,044,266","1.57%","USA","Analyze"
"AZPN","Aspen Technology Inc","Common stocks","Large cap","Information Technology","$12,819,714,457","0.00%","USA","Analyze"
"CSL","Carlisle Companies Inc","Common stocks","Large cap","Industrials","$12,118,636,243","0.92%","USA","Analyze"
"FHN","First Horizon National Corp","Common stocks","Large cap","Financials","$11,496,081,347","2.76%","USA","Analyze"
"AFG","American Financial Group Inc","Common stocks","Large cap","Financials","$11,436,861,274","1.55%","USA","Analyze"
"Y","Alleghany Corp","Common stocks","Large cap","Financials","$11,165,538,807","0.00%","USA","Analyze"
"DAR","Darling Ingredients Inc","Common stocks","Large cap","Consumer Staples","$11,102,476,897","0.00%","USA","Analyze"
"RS","Reliance Steel & Aluminum","Common stocks","Large cap","Materials","$10,867,259,119","1.82%","USA","Analyze"
"GME","Gamestop Corp Class A","Common stocks","Large cap","Consumer Discretionary","$10,679,380,890","0.00%","USA","Analyze"
"WTRG","Essential Utilities, Inc.","Common stocks","Large cap","Utilities","$10,671,315,738","2.53%","USA","Analyze"
"DINO","HF Sinclair Corporation","Common stocks","Large cap","Energy","$10,529,746,411","3.44%","USA","Analyze"
"UTHR","United Therapeutics Corp","Common stocks","Large cap","Health Care","$10,366,340,326","0.00%","USA","Analyze"
"SCI","Service Corporation International","Common stocks","Large cap","Consumer Discretionary","$10,359,109,533","1.46%","USA","Analyze"
"FICO","Fair Isaac Corp","Common stocks","Mid cap","Information Technology","$9,984,090,870","0.00%","USA","Analyze"
"GGG","Graco Inc","Common stocks","Mid cap","Industrials","$9,815,157,126","1.36%","USA","Analyze"
"RPM","RPM International Inc","Common stocks","Mid cap","Materials","$9,762,679,315","2.08%","USA","Analyze"
"REXR","Rexford Industrial Realty, Inc","REITs","Mid cap","Real Estate","$9,421,045,921","1.80%","USA","Analyze"
"HUBB","Hubbell Inc","Common stocks","Mid cap","Industrials","$9,343,497,721","2.35%","USA","Analyze"
"JAZZ","Jazz Pharmaceuticals Plc","Common stocks","Mid cap","Health Care","$9,311,432,758","0.00%","USA","Analyze"
"AA","Alcoa Corp","Common stocks","Mid cap","Materials","$9,237,190,195","0.60%","USA","Analyze"
"EWBC","East West Bancorp Inc","Common stocks","Mid cap","Financials","$9,111,530,106","2.26%","USA","Analyze"
"BRKR","Bruker Corp","Common stocks","Mid cap","Health Care","$9,064,281,900","0.30%","USA","Analyze"
"PCTY","Paylocity Holding Corp","Common stocks","Mid cap","Information Technology","$9,032,192,090","0.00%","USA","Analyze"
"ACM","AECOM","Common stocks","Mid cap","Industrials","$9,030,390,023","0.47%","USA","Analyze"
"WSO","Watsco Inc","Common stocks","Mid cap","Industrials","$9,007,421,673","3.45%","USA","Analyze"
"BLDR","Builders Firstsource Inc","Common stocks","Mid cap","Industrials","$8,997,722,337","0.00%","USA","Analyze"
"LSI","Life Storage, Inc","REITs","Mid cap","Real Estate","$8,959,553,654","3.36%","USA","Analyze"
"ACC","American Campus Communities, Inc","REITs","Mid cap","Real Estate","$8,942,257,182","2.18%","USA","Analyze"
"SNX","Synnex Corp","Common stocks","Mid cap","Information Technology","$8,937,662,886","1.07%","USA","Analyze"
"NBIX","Neurocrine Biosciences Inc","Common stocks","Mid cap","Health Care","$8,923,992,931","0.00%","USA","Analyze"
"MPW","Medical Properties Trust, Inc","REITs","Mid cap","Real Estate","$8,797,466,000","7.59%","USA","Analyze"
"CLF","Cleveland-Cliffs Inc.","Common stocks","Mid cap","Materials","$8,794,595,371","0.00%","USA","Analyze"
"JLL","Jones Lang LaSalle Inc","Common stocks","Mid cap","Real Estate","$8,283,290,003","0.00%","USA","Analyze"
"AGCO","AGCO Corp","Common stocks","Mid cap","Industrials","$8,247,272,998","0.76%","USA","Analyze"
"WSM","Williams Sonoma Inc","Common stocks","Mid cap","Consumer Discretionary","$8,224,744,463","2.32%","USA","Analyze"
"BJ","BJs Wholesale Club Holdings Inc","Common stocks","Mid cap","Consumer Staples","$8,128,483,919","0.00%","USA","Analyze"
"UGI","UGI Corp","Common stocks","Mid cap","Utilities","$8,088,949,158","3.57%","USA","Analyze"
"MAT","Mattel Inc","Common stocks","Mid cap","Consumer Discretionary","$8,022,759,798","0.00%","USA","Analyze"
"RGEN","Repligen Corp","Common stocks","Mid cap","Health Care","$7,938,485,256","0.00%","USA","Analyze"
"WBS","Webster Financial Corp","Common stocks","Mid cap","Financials","$7,900,810,973","3.60%","USA","Analyze"
"CBSH","Commerce Bancshares Inc","Common stocks","Mid cap","Financials","$7,816,339,747","1.60%","USA","Analyze"
"LAMR","Lamar Advertising Company Class A","REITs","Mid cap","Real Estate","$7,793,791,762","4.73%","USA","Analyze"
"G","Genpact Ltd","Common stocks","Mid cap","Information Technology","$7,766,997,320","1.10%","USA","Analyze"
"WOLF","Wolfspeed, Inc.","Common stocks","Mid cap","Information Technology","$7,739,533,472","0.00%","USA","Analyze"
"TTC","Toro","Common stocks","Mid cap","Industrials","$7,720,500,260","1.57%","USA","Analyze"
"CAR","Avis Budget Group Inc","Common stocks","Mid cap","Industrials","$7,718,237,556","0.00%","USA","Analyze"
"JBL","Jabil Inc","Common stocks","Mid cap","Information Technology","$7,686,402,284","0.59%","USA","Analyze"
"LEA","Lear Corp","Common stocks","Mid cap","Consumer Discretionary","$7,678,536,636","2.17%","USA","Analyze"
"LAD","Lithia Motors Inc Class A","Common stocks","Mid cap","Consumer Discretionary","$7,643,400,207","0.56%","USA","Analyze"
"RGA","Reinsurance Group Of America Inc","Common stocks","Mid cap","Financials","$7,602,009,653","2.55%","USA","Analyze"
"CFR","Cullen Frost Bankers Inc","Common stocks","Mid cap","Financials","$7,578,190,320","2.52%","USA","Analyze"
"CGNX","Cognex Corp","Common stocks","Mid cap","Information Technology","$7,463,792,299","0.44%","USA","Analyze"
"RRX","Regal Rexnord Corporation","Common stocks","Mid cap","Industrials","$7,419,395,219","1.18%","USA","Analyze"
"OLN","Olin Corp","Common stocks","Mid cap","Materials","$7,376,024,210","1.64%","USA","Analyze"
"KNX","Knight Transportation Inc","Common stocks","Mid cap","Industrials","$7,368,757,997","0.97%","USA","Analyze"
"OC","Owens Corning","Common stocks","Mid cap","Industrials","$7,337,168,013","1.61%","USA","Analyze"
"CNXC","Concentrix Corporation","Common stocks","Mid cap","Information Technology","$7,303,702,339","0.54%","USA","Analyze"
"NNN","National Retail Properties, Inc","REITs","Mid cap","Real Estate","$7,273,907,238","5.04%","USA","Analyze"
"FSLR","First Solar Inc","Common stocks","Mid cap","Information Technology","$7,268,981,060","0.00%","USA","Analyze"
"RRC","Range Resources Corp","Common stocks","Mid cap","Energy","$7,262,944,231","0.00%","USA","Analyze"
"SEIC","SEI Investments","Common stocks","Mid cap","Financials","$7,247,621,040","1.51%","USA","Analyze"
"STOR","STORE Capital Corporation","REITs","Mid cap","Real Estate","$7,235,837,630","5.77%","USA","Analyze"
"PPC","Pilgrims Pride Corp","Common stocks","Mid cap","Consumer Staples","$7,221,909,408","0.00%","USA","Analyze"
"ARW","Arrow Electronics Inc","Common stocks","Mid cap","Information Technology","$7,217,842,679","0.00%","USA","Analyze"
"LECO","Lincoln Electric Holdings Inc","Common stocks","Mid cap","Industrials","$7,201,174,837","1.72%","USA","Analyze"
"RGLD","Royal Gold Inc","Common stocks","Mid cap","Materials","$7,199,944,323","1.18%","USA","Analyze"
"CABO","Cable One Inc","Common stocks","Mid cap","Communication Services","$7,191,463,056","0.91%","USA","Analyze"
"WEX","Wex Inc","Common stocks","Mid cap","Information Technology","$7,091,816,418","0.00%","USA","Analyze"
"OGE","OGE Energy Corp","Common stocks","Mid cap","Utilities","$7,061,148,241","4.56%","USA","Analyze"
"MASI","Masimo Corp","Common stocks","Mid cap","Health Care","$7,042,394,973","0.00%","USA","Analyze"
"MANH","Manhattan Associates Inc","Common stocks","Mid cap","Information Technology","$7,027,692,790","0.00%","USA","Analyze"
"DECK","Deckers Outdoor Corp","Common stocks","Mid cap","Consumer Discretionary","$6,918,213,705","0.00%","USA","Analyze"
"MIDD","Middleby Corp","Common stocks","Mid cap","Industrials","$6,886,840,401","0.00%","USA","Analyze"
"AN","AutoNation Inc","Common stocks","Mid cap","Consumer Discretionary","$6,842,315,113","0.00%","USA","Analyze"
"CASY","Caseys General Stores Inc","Common stocks","Mid cap","Consumer Staples","$6,837,787,611","0.75%","USA","Analyze"
"UNM","Unum Group","Common stocks","Mid cap","Financials","$6,811,071,867","3.49%","USA","Analyze"
"CHDN","Churchill Downs Inc","Common stocks","Mid cap","Consumer Discretionary","$6,781,465,887","0.37%","USA","Analyze"
"CHE","Chemed Corp","Common stocks","Mid cap","Health Care","$6,745,441,475","0.32%","USA","Analyze"
"NOV","National Oilwell Varco Inc","Common stocks","Mid cap","Energy","$6,720,765,139","0.87%","USA","Analyze"
"LII","Lennox International Inc","Common stocks","Mid cap","Industrials","$6,711,062,912","1.96%","USA","Analyze"
"CIEN","Ciena Corp","Common stocks","Mid cap","Information Technology","$6,670,845,710","0.00%","USA","Analyze"
"LSCC","Lattice Semiconductor Corp","Common stocks","Mid cap","Information Technology","$6,646,604,441","0.00%","USA","Analyze"
"SYNH","Syneos Health Inc","Common stocks","Mid cap","Health Care","$6,632,501,246","0.00%","USA","Analyze"
"RNR","Renaissancere Holding Ltd","Common stocks","Mid cap","Financials","$6,617,296,311","0.97%","USA","Analyze"
"ORI","Old Republic International Corp","Common stocks","Mid cap","Financials","$6,606,938,005","4.08%","USA","Analyze"
"GNTX","Gentex Corp","Common stocks","Mid cap","Consumer Discretionary","$6,592,995,404","1.70%","USA","Analyze"
"TTEK","Tetra Tech Inc","Common stocks","Mid cap","Industrials","$6,585,870,066","0.68%","USA","Analyze"
"COHR","Coherent Inc","Common stocks","Mid cap","Information Technology","$6,540,058,191","0.00%","USA","Analyze"
"FIVE","Five Below Inc","Common stocks","Mid cap","Consumer Discretionary","$6,533,409,084","0.00%","USA","Analyze"
"PFGC","Performance Food Group","Common stocks","Mid cap","Consumer Staples","$6,529,523,136","0.00%","USA","Analyze"
"PDCE","PDC Energy Inc","Common stocks","Mid cap","Energy","$6,481,562,607","1.23%","USA","Analyze"
"JEF","Jefferies Financial Group Inc","Common stocks","Mid cap","Financials","$6,476,218,932","4.02%","USA","Analyze"
"OHI","Omega Healthcare Investors, Inc","REITs","Mid cap","Real Estate","$6,470,816,369","9.40%","USA","Analyze"
"CPRI","Capri Holdings Limited","Common stocks","Mid cap","Consumer Discretionary","$6,407,858,945","0.00%","USA","Analyze"
"CHH","Choice Hotels International Inc","Common stocks","Mid cap","Consumer Discretionary","$6,397,971,340","0.80%","USA","Analyze"
"ATR","Aptargroup Inc","Common stocks","Mid cap","Materials","$6,373,047,062","1.56%","USA","Analyze"
"CDK","CDK Global Inc","Common stocks","Mid cap","Information Technology","$6,368,308,195","1.09%","USA","Analyze"
"KBR","KBR, Inc.","Common stocks","Mid cap","Industrials","$6,352,772,292","1.01%","USA","Analyze"
"AIRC","Apartment Income REIT Corp.","REITs","Mid cap","Real Estate","$6,346,720,901","3.26%","USA","Analyze"
"MTDR","Matador Resources","Common stocks","Mid cap","Energy","$6,336,249,245","0.33%","USA","Analyze"
"HALO","Halozyme Therapeutics Inc","Common stocks","Mid cap","Health Care","$6,312,577,357","0.00%","USA","Analyze"
"EGP","EastGroup Properties, Inc","REITs","Mid cap","Real Estate","$6,309,581,071","2.55%","USA","Analyze"
"PB","Prosperity Bancshares Inc","Common stocks","Mid cap","Financials","$6,305,267,952","2.96%","USA","Analyze"
"EXEL","Exelixis Inc","Common stocks","Mid cap","Health Care","$6,206,332,951","0.00%","USA","Analyze"
"WU","Western Union","Common stocks","Mid cap","Information Technology","$6,195,846,021","5.74%","USA","Analyze"
"COTY","Coty Inc Class A","Common stocks","Mid cap","Consumer Staples","$6,184,838,252","0.00%","USA","Analyze"
"CACI","CACI International Inc","Common stocks","Mid cap","Industrials","$6,169,233,539","0.00%","USA","Analyze"
"NFG","National Fuel Gas","Common stocks","Mid cap","Utilities","$6,139,420,872","2.68%","USA","Analyze"
"FR","First Industrial Realty Trust, Inc","REITs","Mid cap","Real Estate","$6,130,145,109","2.36%","USA","Analyze"
"LFUS","Littelfuse Inc","Common stocks","Mid cap","Information Technology","$6,114,174,895","0.86%","USA","Analyze"
"WH","Wyndham Hotels & Resorts Inc","Common stocks","Mid cap","Consumer Discretionary","$6,094,247,141","1.80%","USA","Analyze"
"ACHC","Acadia Healthcare Company Inc","Common stocks","Mid cap","Health Care","$6,060,761,628","0.00%","USA","Analyze"
"RH","RH","Common stocks","Mid cap","Consumer Discretionary","$6,060,713,262","0.00%","USA","Analyze"
"VOYA","Voya Financial Inc","Common stocks","Mid cap","Financials","$6,040,561,170","1.29%","USA","Analyze"
"SF","Stifel Financial Corp","Common stocks","Mid cap","Financials","$6,038,647,267","1.59%","USA","Analyze"
"PII","Polaris Industries Inc","Common stocks","Mid cap","Consumer Discretionary","$6,015,767,857","2.50%","USA","Analyze"
"AXON","Axon Enterprise, Inc.","Common stocks","Mid cap","Industrials","$5,996,206,922","0.00%","USA","Analyze"
"KRC","Kilroy Realty Corporation","REITs","Mid cap","Real Estate","$5,974,696,135","3.98%","USA","Analyze"
"GTLS","Chart Industries Inc","Common stocks","Mid cap","Industrials","$5,940,407,054","0.00%","USA","Analyze"
"BRX","Brixmor Property Group Inc","REITs","Mid cap","Real Estate","$5,894,833,391","4.56%","USA","Analyze"
"NVST","Envista Holdings Corporation","Common stocks","Mid cap","Health Care","$5,859,110,579","0.00%","USA","Analyze"
"SAIL","Sailpoint Technologies Holding","Common stocks","Mid cap","Information Technology","$5,841,487,784","0.00%","USA","Analyze"
"FCN","FTI Consulting Inc","Common stocks","Mid cap","Industrials","$5,826,473,397","0.00%","USA","Analyze"
"HQY","Healthequity Inc","Common stocks","Mid cap","Health Care","$5,822,212,424","0.00%","USA","Analyze"
"TREX","Trex Inc","Common stocks","Mid cap","Industrials","$5,816,176,643","0.00%","USA","Analyze"
"DCI","Donaldson Inc","Common stocks","Mid cap","Industrials","$5,775,913,125","1.88%","USA","Analyze"
"WWD","Woodward Inc","Common stocks","Mid cap","Industrials","$5,752,626,184","0.77%","USA","Analyze"
"MKSI","MKS Instruments Inc","Common stocks","Mid cap","Information Technology","$5,728,463,698","0.85%","USA","Analyze"
"INGR","Ingredion Inc","Common stocks","Mid cap","Consumer Staples","$5,696,208,272","2.98%","USA","Analyze"
"IBKR","Interactive Brokers Group Inc","Common stocks","Mid cap","Financials","$5,673,667,512","0.69%","USA","Analyze"
"SWX","Southwest Gas Holdings Inc","Common stocks","Mid cap","Utilities","$5,649,666,746","2.81%","USA","Analyze"
"IIVI","Ii Vi Inc","Common stocks","Mid cap","Information Technology","$5,626,229,566","0.00%","USA","Analyze"
"THC","Tenet Healthcare Corp","Common stocks","Mid cap","Health Care","$5,617,728,479","0.00%","USA","Analyze"
"RCM","R1 RCM Inc.","Common stocks","Mid cap","Health Care","$5,602,488,726","0.00%","USA","Analyze"
"MTZ","Mastec Inc","Common stocks","Mid cap","Industrials","$5,589,263,923","0.00%","USA","Analyze"
"BYD","Boyd Gaming Corp","Common stocks","Mid cap","Consumer Discretionary","$5,570,139,979","0.30%","USA","Analyze"
"ITT","ITT Inc","Common stocks","Mid cap","Industrials","$5,548,575,000","1.45%","USA","Analyze"
"GMED","Globus Medical Inc Class A","Common stocks","Mid cap","Health Care","$5,533,209,864","0.00%","USA","Analyze"
"FFIN","First Financial Bankshares Inc","Common stocks","Mid cap","Financials","$5,511,814,114","1.60%","USA","Analyze"
"OSK","Oshkosh Corp","Common stocks","Mid cap","Industrials","$5,456,372,964","1.73%","USA","Analyze"
"PNFP","Pinnacle Financial Partners Inc","Common stocks","Mid cap","Financials","$5,437,878,548","1.12%","USA","Analyze"
"KSS","Kohls Corporation","Common stocks","Mid cap","Consumer Discretionary","$5,437,774,448","3.50%","USA","Analyze"
"MUSA","Murphy USA Inc.","Common stocks","Mid cap","Consumer Discretionary","$5,436,645,402","0.51%","USA","Analyze"
"LITE","Lumentum Holdings Inc","Common stocks","Mid cap","Information Technology","$5,428,230,000","0.00%","USA","Analyze"
"RYN","Rayonier Inc","REITs","Mid cap","Real Estate","$5,398,201,589","2.94%","USA","Analyze"
"HRB","H&R Block Inc","Common stocks","Mid cap","Consumer Discretionary","$5,389,494,749","3.92%","USA","Analyze"
"EHC","Encompass Health Corp","Common stocks","Mid cap","Health Care","$5,387,346,993","2.06%","USA","Analyze"
"M","Macys Inc.","Common stocks","Mid cap","Consumer Discretionary","$5,375,774,903","3.05%","USA","Analyze"
"AYI","Acuity Brands Inc","Common stocks","Mid cap","Industrials","$5,367,920,459","0.33%","USA","Analyze"
"FAF","First American Financial Corp","Common stocks","Mid cap","Financials","$5,365,965,141","4.04%","USA","Analyze"
"MDU","MDU Resources Group Inc","Common stocks","Mid cap","Industrials","$5,360,325,506","3.24%","USA","Analyze"
"VLY","Valley National","Common stocks","Mid cap","Financials","$5,351,648,649","4.11%","USA","Analyze"
"XPO","XPO Logistics Inc","Common stocks","Mid cap","Industrials","$5,350,658,247","0.00%","USA","Analyze"
"AZTA","Azenta, Inc.","Common stocks","Mid cap","Health Care","$5,350,448,383","0.28%","USA","Analyze"
"LSTR","Landstar System Inc","Common stocks","Mid cap","Industrials","$5,349,306,139","0.69%","USA","Analyze"
"MUR","Murphy Oil Corp","Common stocks","Mid cap","Energy","$5,310,619,574","1.67%","USA","Analyze"
"ASH","Ashland Global Inc","Common stocks","Mid cap","Materials","$5,303,462,815","1.27%","USA","Analyze"
"FLO","Flowers Foods Inc","Common stocks","Mid cap","Consumer Staples","$5,298,939,701","3.36%","USA","Analyze"
"PRGO","Perrigo Plc","Common stocks","Mid cap","Health Care","$5,276,746,614","2.52%","USA","Analyze"
"EEFT","Euronet Worldwide Inc","Common stocks","Mid cap","Information Technology","$5,242,339,395","0.00%","USA","Analyze"
"GBCI","Glacier Bancorp Inc","Common stocks","Mid cap","Financials","$5,219,167,450","2.69%","USA","Analyze"
"SNV","Synovus Financial Corp","Common stocks","Mid cap","Financials","$5,191,578,198","4.61%","USA","Analyze"
"NVT","Nvent Electric Plc","Common stocks","Mid cap","Industrials","$5,175,054,486","2.23%","USA","Analyze"
"BLD","Topbuild Corp","Common stocks","Mid cap","Consumer Discretionary","$5,147,441,573","0.00%","USA","Analyze"
"PSB","PS Business Parks, Inc","REITs","Mid cap","Real Estate","$5,138,704,398","2.23%","USA","Analyze"
"OLED","Universal Display Corp","Common stocks","Mid cap","Information Technology","$5,116,616,834","0.92%","USA","Analyze"
"VVV","Valvoline Inc","Common stocks","Mid cap","Materials","$5,108,927,142","1.74%","USA","Analyze"
"X","United States Steel Corporation","Common stocks","Mid cap","Materials","$5,108,445,236","0.81%","USA","Analyze"
"SLAB","Silicon Laboratories Inc","Common stocks","Mid cap","Information Technology","$5,104,820,497","0.00%","USA","Analyze"
"GXO","GXO Logistics, Inc.","Common stocks","Mid cap","Industrials","$5,096,174,785","0.00%","USA","Analyze"
"SKX","Skechers USA Inc","Common stocks","Mid cap","Consumer Discretionary","$5,094,751,582","0.00%","USA","Analyze"
"EME","Emcor Group Inc","Common stocks","Mid cap","Industrials","$5,088,112,009","0.52%","USA","Analyze"
"SON","Sonoco Products","Common stocks","Mid cap","Materials","$5,086,211,375","3.50%","USA","Analyze"
"CW","Curtiss Wright Corp","Common stocks","Mid cap","Industrials","$5,054,420,814","0.55%","USA","Analyze"
"CR","Crane","Common stocks","Mid cap","Industrials","$5,034,308,608","2.09%","USA","Analyze"
"SRC","Spirit Realty Capital, Inc","REITs","Mid cap","Real Estate","$5,016,417,470","6.66%","USA","Analyze"
"CCMP","Cabot Microelectronics Corp","Common stocks","Mid cap","Information Technology","$4,988,895,885","0.79%","USA","Analyze"
"THG","Hanover Insurance Group Inc","Common stocks","Mid cap","Financials","$4,979,787,780","2.09%","USA","Analyze"
"IDA","IDACORP, Inc.","Common stocks","Mid cap","Utilities","$4,967,943,455","2.98%","USA","Analyze"
"RLI","RLI Corp","Common stocks","Mid cap","Financials","$4,938,542,257","0.92%","USA","Analyze"
"SAIC","Science Applications International","Common stocks","Mid cap","Industrials","$4,930,795,531","2.08%","USA","Analyze"
"RUN","Sunrun Inc","Common stocks","Mid cap","Industrials","$4,925,037,305","0.00%","USA","Analyze"
"BC","Brunswick Corp","Common stocks","Mid cap","Consumer Discretionary","$4,889,880,741","2.15%","USA","Analyze"
"CC","Chemours Company","Common stocks","Mid cap","Materials","$4,887,940,707","3.14%","USA","Analyze"
"NYT","New York Times Class A","Common stocks","Mid cap","Communication Services","$4,849,290,433","1.03%","USA","Analyze"
"TXRH","Texas Roadhouse Inc","Common stocks","Mid cap","Consumer Discretionary","$4,839,924,379","2.40%","USA","Analyze"
"WTFC","Wintrust Financial Corp","Common stocks","Mid cap","Financials","$4,838,745,083","1.62%","USA","Analyze"
"TOL","Toll Brothers Inc","Common stocks","Mid cap","Consumer Discretionary","$4,834,782,850","1.68%","USA","Analyze"
"DTM","DT Midstream, Inc.","Common stocks","Mid cap","Energy","$4,830,897,159","3.72%","USA","Analyze"
"QLYS","Qualys Inc","Common stocks","Mid cap","Information Technology","$4,806,102,399","0.00%","USA","Analyze"
"SYNA","Synaptics Inc","Common stocks","Mid cap","Information Technology","$4,801,578,553","0.00%","USA","Analyze"
"LHCG","LHC Group Inc","Common stocks","Mid cap","Health Care","$4,791,815,419","0.00%","USA","Analyze"
"KNSL","Kinsale Capital Group Inc","Common stocks","Mid cap","Financials","$4,786,402,326","0.11%","USA","Analyze"
"VMI","Valmont Inds Inc","Common stocks","Mid cap","Industrials","$4,756,500,070","0.92%","USA","Analyze"
"SAFM","Sanderson Farms Inc","Common stocks","Mid cap","Consumer Staples","$4,749,067,252","0.82%","USA","Analyze"
"IRDM","Iridium Communications Inc","Common stocks","Mid cap","Communication Services","$4,747,205,328","0.00%","USA","Analyze"
"SIGI","Selective Insurance Group Inc","Common stocks","Mid cap","Financials","$4,742,570,093","1.38%","USA","Analyze"
"UBSI","United Bankshares Inc","Common stocks","Mid cap","Financials","$4,728,458,336","4.03%","USA","Analyze"
"VAC","Marriott Vacations Worldwide Corp","Common stocks","Mid cap","Consumer Discretionary","$4,725,328,724","1.55%","USA","Analyze"
"MEDP","Medpace Holdings Inc","Common stocks","Mid cap","Health Care","$4,720,019,817","0.00%","USA","Analyze"
"OPCH","Option Care Health, Inc.","Common stocks","Mid cap","Health Care","$4,708,360,768","0.00%","USA","Analyze"
"POST","Post Holdings Inc","Common stocks","Mid cap","Consumer Staples","$4,684,022,198","0.00%","USA","Analyze"
"TGNA","Tegna Inc","Common stocks","Mid cap","Communication Services","$4,670,972,282","1.80%","USA","Analyze"
"IART","Integra Lifesciences Holdings Corp","Common stocks","Mid cap","Health Care","$4,629,795,557","0.00%","USA","Analyze"
"LEG","Leggett & Platt Inc","Common stocks","Mid cap","Consumer Discretionary","$4,627,862,801","4.82%","USA","Analyze"
"HOG","Harley Davidson Inc","Common stocks","Mid cap","Consumer Discretionary","$4,626,204,523","1.95%","USA","Analyze"
"SAIA","Saia Inc","Common stocks","Mid cap","Industrials","$4,612,491,493","0.00%","USA","Analyze"
"PEN","Penumbra Inc","Common stocks","Mid cap","Health Care","$4,600,816,254","0.00%","USA","Analyze"
"LNW","Light & Wonder, Inc.","Common stocks","Mid cap","Consumer Discretionary","$4,589,068,758","0.00%","USA","Analyze"
"AMG","Affiliated Managers Group Inc","Common stocks","Mid cap","Financials","$4,584,789,109","0.03%","USA","Analyze"
"CLH","Clean Harbors Inc","Common stocks","Mid cap","Industrials","$4,576,986,241","0.00%","USA","Analyze"
"MSA","MSA Safety Inc","Common stocks","Mid cap","Industrials","$4,566,894,043","1.53%","USA","Analyze"
"IAA","IAA, Inc.","Common stocks","Mid cap","Industrials","$4,544,183,643","0.00%","USA","Analyze"
"IRT","Independence Realty Trust, Inc","REITs","Mid cap","Real Estate","$4,542,650,267","1.84%","USA","Analyze"
"COLM","Columbia Sportswear","Common stocks","Mid cap","Consumer Discretionary","$4,530,955,713","1.13%","USA","Analyze"
"PRI","Primerica Inc","Common stocks","Mid cap","Financials","$4,524,797,328","1.28%","USA","Analyze"
"LPX","Louisiana Pacific Corp","Common stocks","Mid cap","Materials","$4,489,421,019","1.46%","USA","Analyze"
"UNVR","Univar Solutions, Inc.","Common stocks","Mid cap","Industrials","$4,469,411,996","0.00%","USA","Analyze"
"CHX","ChampionX Corporation","Common stocks","Mid cap","Energy","$4,460,576,167","0.34%","USA","Analyze"
"CMC","Commercial Metals","Common stocks","Mid cap","Materials","$4,443,783,540","1.47%","USA","Analyze"
"OZK","Bank of the Ozarks","Common stocks","Mid cap","Financials","$4,438,782,732","3.21%","USA","Analyze"
"SLGN","Silgan Holdings Inc","Common stocks","Mid cap","Materials","$4,432,016,280","1.50%","USA","Analyze"
"BKH","Black Hills Corp","Common stocks","Mid cap","Utilities","$4,393,747,523","3.42%","USA","Analyze"
"POWI","Power Integrations Inc","Common stocks","Mid cap","Information Technology","$4,383,566,872","0.85%","USA","Analyze"
"CUZ","Cousins Properties Incorporated","REITs","Mid cap","Real Estate","$4,349,850,442","4.23%","USA","Analyze"
"ONB","Old National Bancorp","Common stocks","Mid cap","Financials","$4,303,567,710","3.79%","USA","Analyze"
"HOMB","Home Bancshares Inc","Common stocks","Mid cap","Financials","$4,285,520,803","1.32%","USA","Analyze"
"DKS","Dicks Sporting Inc","Common stocks","Mid cap","Consumer Discretionary","$4,285,070,896","2.44%","USA","Analyze"
"NSA","National Storage Affiliates Trust","REITs","Mid cap","Real Estate","$4,260,591,951","4.05%","USA","Analyze"
"OGS","One Gas Inc","Common stocks","Mid cap","Utilities","$4,241,730,350","3.03%","USA","Analyze"
"SMG","Scotts Miracle Gro","Common stocks","Mid cap","Materials","$4,228,656,503","3.43%","USA","Analyze"
"SLM","Sallie Mae","Common stocks","Mid cap","Financials","$4,221,277,088","2.28%","USA","Analyze"
"HE","Hawaiian Electric Industries Inc","Common stocks","Mid cap","Utilities","$4,217,484,075","2.65%","USA","Analyze"
"HXL","Hexcel Corp","Common stocks","Mid cap","Industrials","$4,200,044,211","0.40%","USA","Analyze"
"NCR","NCR Corp","Common stocks","Mid cap","Information Technology","$4,194,986,000","0.00%","USA","Analyze"
"AMKR","Amkor Technology Inc","Common stocks","Mid cap","Information Technology","$4,183,275,742","1.11%","USA","Analyze"
"QDEL","Quidel Corp","Common stocks","Mid cap","Health Care","$4,181,477,740","0.00%","USA","Analyze"
"EXP","Eagle Materials Inc","Common stocks","Mid cap","Materials","$4,170,232,646","0.91%","USA","Analyze"
"ASGN","ASGN Incorporated","Common stocks","Mid cap","Industrials","$4,169,249,000","0.00%","USA","Analyze"
"NATI","National Instruments Corp","Common stocks","Mid cap","Information Technology","$4,163,461,427","3.43%","USA","Analyze"
"AVT","Avnet Inc","Common stocks","Mid cap","Information Technology","$4,158,311,204","2.33%","USA","Analyze"
"UMBF","UMB Financial Corp","Common stocks","Mid cap","Financials","$4,140,005,239","1.72%","USA","Analyze"
"EVR","Evercore Inc. Class A","Common stocks","Mid cap","Financials","$4,115,429,703","2.88%","USA","Analyze"
"MAN","Manpower Inc","Common stocks","Mid cap","Industrials","$4,104,765,330","3.37%","USA","Analyze"
"NJR","New Jersey Resources Corp","Common stocks","Mid cap","Utilities","$4,058,605,974","3.39%","USA","Analyze"
"NYCB","New York Community Bancorp","Common stocks","Mid cap","Financials","$4,044,552,752","7.66%","USA","Analyze"
"CRUS","Cirrus Logic Inc","Common stocks","Mid cap","Information Technology","$4,015,282,932","0.00%","USA","Analyze"
"HR","Healthcare Realty Trust Incorporated","REITs","Mid cap","Real Estate","$4,008,447,913","4.56%","USA","Analyze"
"GO","Grocery Outlet Holding Corp.","Common stocks","Mid cap","Consumer Staples","$4,006,956,617","0.00%","USA","Analyze"
"TKR","Timken","Common stocks","Mid cap","Industrials","$3,987,482,231","2.23%","USA","Analyze"
"JHG","Janus Henderson Group Plc","Common stocks","Mid cap","Financials","$3,983,275,582","6.33%","USA","Analyze"
"THO","Thor Industries Inc","Common stocks","Mid cap","Consumer Discretionary","$3,979,137,140","2.31%","USA","Analyze"
"ESNT","Essent Group Ltd","Common stocks","Mid cap","Financials","$3,976,924,200","2.10%","USA","Analyze"
"SSD","Simpson Manufacturing Inc","Common stocks","Mid cap","Industrials","$3,924,532,799","1.10%","USA","Analyze"
"DEI","Douglas Emmett, Inc","REITs","Mid cap","Real Estate","$3,902,407,841","4.98%","USA","Analyze"
"ICUI","ICU Medical Inc","Common stocks","Mid cap","Health Care","$3,863,032,533","0.00%","USA","Analyze"
"JWN","Nordstrom Inc","Common stocks","Mid cap","Consumer Discretionary","$3,858,716,326","1.58%","USA","Analyze"
"ELY","Callaway Golf","Common stocks","Mid cap","Consumer Discretionary","$3,858,290,040","0.00%","USA","Analyze"
"TDC","Teradata Corp","Common stocks","Mid cap","Information Technology","$3,855,054,000","0.00%","USA","Analyze"
"PNM","PNM Resources Inc","Common stocks","Mid cap","Utilities","$3,853,127,494","2.98%","USA","Analyze"
"WEN","Wendys","Common stocks","Mid cap","Consumer Discretionary","$3,843,586,874","2.72%","USA","Analyze"
"FNB","FNB Corp","Common stocks","Mid cap","Financials","$3,834,539,566","4.34%","USA","Analyze"
"HWC","Hancock Whitney Corp","Common stocks","Mid cap","Financials","$3,833,919,910","2.41%","USA","Analyze"
"KRG","Kite Realty Group Trust","REITs","Mid cap","Real Estate","$3,831,552,270","4.23%","USA","Analyze"
"VNT","Vontier Corporation","Common stocks","Mid cap","Information Technology","$3,790,094,022","0.42%","USA","Analyze"
"SRCL","Stericycle Inc","Common stocks","Mid cap","Industrials","$3,785,741,544","0.00%","USA","Analyze"
"DOC","Physicians Realty Trust","REITs","Mid cap","Real Estate","$3,784,974,295","5.37%","USA","Analyze"
"AVNT","Avient Corporation","Common stocks","Mid cap","Materials","$3,755,781,764","2.24%","USA","Analyze"
"OLLI","Ollies Bargain Outlet Holdings Inc","Common stocks","Mid cap","Consumer Discretionary","$3,747,807,459","0.00%","USA","Analyze"
"SR","Spire Inc","Common stocks","Mid cap","Utilities","$3,747,048,927","3.71%","USA","Analyze"
"TPX","Tempur Sealy International Inc","Common stocks","Mid cap","Consumer Discretionary","$3,725,048,455","1.78%","USA","Analyze"
"FLS","Flowserve Corp","Common stocks","Mid cap","Industrials","$3,714,226,404","2.79%","USA","Analyze"
"YETI","Yeti Holdings, Inc.","Common stocks","Mid cap","Consumer Discretionary","$3,710,066,135","0.00%","USA","Analyze"
"MMS","Maximus Inc","Common stocks","Mid cap","Information Technology","$3,695,208,597","1.85%","USA","Analyze"
"R","Ryder System Inc","Common stocks","Mid cap","Industrials","$3,674,681,825","2.40%","USA","Analyze"
"TNDM","Tandem Diabetes Care Inc","Common stocks","Mid cap","Health Care","$3,672,740,071","0.00%","USA","Analyze"
"SITM","SiTime Corporation","Common stocks","Mid cap","Information Technology","$3,658,126,839","0.00%","USA","Analyze"
"MTG","MGIC Investment Corp","Common stocks","Mid cap","Financials","$3,619,238,215","2.71%","USA","Analyze"
"HELE","Helen Of Troy Ltd","Common stocks","Mid cap","Consumer Discretionary","$3,617,755,946","0.00%","USA","Analyze"
"KEX","Kirby Corp","Common stocks","Mid cap","Industrials","$3,590,865,000","0.00%","USA","Analyze"
"HBI","Hanesbrands Inc","Common stocks","Mid cap","Consumer Discretionary","$3,585,414,422","5.74%","USA","Analyze"
"NSP","Insperity Inc","Common stocks","Mid cap","Industrials","$3,564,173,901","1.99%","USA","Analyze"
"SMTC","Semtech Corp","Common stocks","Mid cap","Information Technology","$3,552,851,515","0.00%","USA","Analyze"
"UMPQ","Umpqua Holdings Corp","Common stocks","Mid cap","Financials","$3,550,879,235","5.05%","USA","Analyze"
"HIW","Highwoods Properties, Inc","REITs","Mid cap","Real Estate","$3,547,895,420","4.40%","USA","Analyze"
"CBT","Cabot Corp","Common stocks","Mid cap","Materials","$3,544,035,606","2.31%","USA","Analyze"
"FLR","Fluor Corp","Common stocks","Mid cap","Industrials","$3,526,078,603","0.00%","USA","Analyze"
"AMED","Amedisys Inc","Common stocks","Mid cap","Health Care","$3,498,972,324","0.00%","USA","Analyze"
"MSM","MSC Industrial Inc Class A","Common stocks","Mid cap","Industrials","$3,478,195,416","4.02%","USA","Analyze"
"CNX","CNX Resources Corporation","Common stocks","Mid cap","Energy","$3,452,455,464","0.00%","USA","Analyze"
"LANC","Lancaster Colony Corp","Common stocks","Mid cap","Consumer Staples","$3,446,304,840","2.49%","USA","Analyze"
"EPR","EPR Properties","REITs","Mid cap","Real Estate","$3,398,372,557","6.08%","USA","Analyze"
"ZD","Ziff Davis, Inc.","Common stocks","Mid cap","Communication Services","$3,384,691,453","0.00%","USA","Analyze"
"MRCY","Mercury Systems Inc","Common stocks","Mid cap","Industrials","$3,373,884,540","0.00%","USA","Analyze"
"NARI","Inari Medical, Inc.","Common stocks","Mid cap","Health Care","$3,365,496,244","0.00%","USA","Analyze"
"TNL","Travel & Leisure Co.","Common stocks","Mid cap","Consumer Discretionary","$3,358,556,294","3.65%","USA","Analyze"
"GATX","Gatx Corp","Common stocks","Mid cap","Industrials","$3,352,096,000","2.15%","USA","Analyze"
"PK","Park Hotels & Resorts Inc","REITs","Mid cap","Real Estate","$3,323,189,939","0.07%","USA","Analyze"
"WTS","Watts Water Technologies Inc Class A","Common stocks","Mid cap","Industrials","$3,307,265,105","0.89%","USA","Analyze"
"GPS","Gap Inc","Common stocks","Mid cap","Consumer Discretionary","$3,245,478,536","5.71%","USA","Analyze"
"ARWR","Arrowhead Pharmaceuticals Inc","Common stocks","Mid cap","Health Care","$3,234,470,358","0.00%","USA","Analyze"
"SBRA","Sabra Health Care REIT, Inc","REITs","Mid cap","Real Estate","$3,194,104,566","8.39%","USA","Analyze"
"LIVN","Livanova PLC","Common stocks","Mid cap","Health Care","$3,187,732,685","0.00%","USA","Analyze"
"GT","Goodyear Tire & Rubber","Common stocks","Mid cap","Consumer Discretionary","$3,186,209,509","0.00%","USA","Analyze"
"FCFS","Firstcash Inc","Common stocks","Mid cap","Financials","$3,181,061,206","0.89%","USA","Analyze"
"BRBR","BellRing Brands, Inc. Class A","Common stocks","Mid cap","Consumer Staples","$3,174,508,082","0.00%","USA","Analyze"
"FOXF","Fox Factory Holding Corp","Common stocks","Mid cap","Consumer Discretionary","$3,171,692,234","0.00%","USA","Analyze"
"PCH","PotlatchDeltic Corporation","REITs","Mid cap","Real Estate","$3,159,908,447","3.63%","USA","Analyze"
"HAE","Haemonetics Corp","Common stocks","Mid cap","Health Care","$3,126,697,455","0.00%","USA","Analyze"
"BHF","Brighthouse Financial","Common stocks","Mid cap","Financials","$3,123,075,171","0.00%","USA","Analyze"
"PACW","Pacwest Bancorp","Common stocks","Mid cap","Financials","$3,119,395,507","3.73%","USA","Analyze"
"SXT","Sensient Technologies Corp","Common stocks","Mid cap","Materials","$3,116,729,228","2.17%","USA","Analyze"
"SLG","SL Green Realty Corp","REITs","Mid cap","Real Estate","$3,095,282,326","7.48%","USA","Analyze"
"SAM","Boston Beer Inc Class A","Common stocks","Mid cap","Consumer Staples","$3,087,875,457","0.00%","USA","Analyze"
"ALE","Allete Inc","Common stocks","Mid cap","Utilities","$3,047,131,522","4.41%","USA","Analyze"
"STAA","Staar Surgical","Common stocks","Mid cap","Health Care","$3,038,883,940","0.00%","USA","Analyze"
"ENOV","Enovis Corporation","Common stocks","Mid cap","Health Care","$3,017,084,339","0.00%","USA","Analyze"
"SPWR","Sunpower Corp","Common stocks","Mid cap","Information Technology","$3,006,082,175","0.00%","USA","Analyze"
"NEU","Newmarket Corp","Common stocks","Mid cap","Materials","$2,992,014,694","2.85%","USA","Analyze"
"CROX","Crocs Inc","Common stocks","Mid cap","Consumer Discretionary","$2,983,934,919","0.00%","USA","Analyze"
"BOH","Bank Of Hawaii Corp.","Common stocks","Mid cap","Financials","$2,983,773,494","3.73%","USA","Analyze"
"OFC","Corporate Office Properties Trust","REITs","Mid cap","Real Estate","$2,978,993,499","4.09%","USA","Analyze"
"JBGS","JBG Smith Properties","REITs","Mid cap","Real Estate","$2,975,038,417","3.69%","USA","Analyze"
"NWE","Northwestern Corp","Common stocks","Mid cap","Utilities","$2,973,847,140","4.48%","USA","Analyze"
"BLKB","Blackbaud Inc","Common stocks","Mid cap","Information Technology","$2,946,809,996","0.00%","USA","Analyze"
"PZZA","Papa Johns International Inc","Common stocks","Mid cap","Consumer Discretionary","$2,934,824,343","1.70%","USA","Analyze"
"CATY","Cathay General Bancorp","Common stocks","Mid cap","Financials","$2,932,322,994","3.37%","USA","Analyze"
"ACIW","ACI Worldwide Inc","Common stocks","Mid cap","Information Technology","$2,927,057,357","0.00%","USA","Analyze"
"ETRN","Equitrans Midstream Corporation","Common stocks","Mid cap","Energy","$2,925,477,880","8.64%","USA","Analyze"
"ADNT","Adient PLC","Common stocks","Mid cap","Consumer Discretionary","$2,924,931,011","0.00%","USA","Analyze"
"ENV","Envestnet Inc","Common stocks","Mid cap","Information Technology","$2,914,993,503","0.00%","USA","Analyze"
"GEF","Greif Inc Class A","Common stocks","Mid cap","Materials","$2,912,155,431","3.05%","USA","Analyze"
"CRI","Carters Inc","Common stocks","Mid cap","Consumer Discretionary","$2,880,823,064","3.49%","USA","Analyze"
"LOPE","Grand Canyon Education Inc","Common stocks","Mid cap","Consumer Discretionary","$2,862,524,830","0.00%","USA","Analyze"
"SFM","Sprouts Farmers Market Inc","Common stocks","Mid cap","Consumer Staples","$2,846,904,791","0.00%","USA","Analyze"
"VC","Visteon Corp","Common stocks","Mid cap","Consumer Discretionary","$2,843,452,533","0.00%","USA","Analyze"
"KMPR","Kemper Corp","Common stocks","Mid cap","Financials","$2,823,181,462","2.78%","USA","Analyze"
"ASB","Associated Bancorp","Common stocks","Mid cap","Financials","$2,777,311,941","4.30%","USA","Analyze"
"FL","Foot Locker Inc","Common stocks","Mid cap","Consumer Discretionary","$2,766,315,574","4.05%","USA","Analyze"
"FHI","Federated Hermes, Inc.","Common stocks","Mid cap","Financials","$2,760,976,968","3.54%","USA","Analyze"
"PDCO","Patterson Companies Inc","Common stocks","Mid cap","Health Care","$2,743,178,200","3.66%","USA","Analyze"
"CVLT","Commvault Systems Inc","Common stocks","Mid cap","Information Technology","$2,725,220,754","0.00%","USA","Analyze"
"JBLU","Jetblue Airways Corp","Common stocks","Mid cap","Industrials","$2,694,627,835","0.00%","USA","Analyze"
"VSCO","Victorias Secret & Co.","Common stocks","Mid cap","Consumer Discretionary","$2,690,925,798","0.00%","USA","Analyze"
"BCO","Brinks","Common stocks","Mid cap","Industrials","$2,689,252,690","1.39%","USA","Analyze"
"TCBI","Texas Capital Bancshares Inc","Common stocks","Mid cap","Financials","$2,655,361,195","0.00%","USA","Analyze"
"WWE","World Wrestling Entertainment Inc","Common stocks","Mid cap","Communication Services","$2,638,879,890","0.78%","USA","Analyze"
"DY","Dycom Industries Inc","Common stocks","Mid cap","Industrials","$2,626,579,182","0.00%","USA","Analyze"
"ESAB","ESAB Corporation","Common stocks","Mid cap","Industrials","$2,621,698,361","0.42%","USA","Analyze"
"WLY","John Wiley & Sons, Inc. Class A","Common stocks","Mid cap","Communication Services","$2,591,791,166","2.97%","USA","Analyze"
"IBOC","International Bancshares Corp","Common stocks","Mid cap","Financials","$2,554,051,035","2.95%","USA","Analyze"
"NUVA","Nuvasive Inc","Common stocks","Mid cap","Health Care","$2,508,377,646","0.00%","USA","Analyze"
"TMHC","Taylor Morrison Home Corp Class A","Common stocks","Mid cap","Consumer Discretionary","$2,488,489,765","0.00%","USA","Analyze"
"NEOG","Neogen Corp","Common stocks","Mid cap","Health Care","$2,473,348,567","0.00%","USA","Analyze"
"XRX","Xerox Corp","Common stocks","Mid cap","Information Technology","$2,471,604,798","4.65%","USA","Analyze"
"PGNY","Progyny, Inc.","Common stocks","Mid cap","Health Care","$2,454,909,740","0.00%","USA","Analyze"
"MCY","Mercury General Corp","Common stocks","Mid cap","Financials","$2,449,618,658","5.63%","USA","Analyze"
"WERN","Werner Enterprises Inc","Common stocks","Mid cap","Industrials","$2,440,967,268","1.27%","USA","Analyze"
"CADE","Cadence Bancorporation","Common stocks","Mid cap","Financials","$2,436,819,150","3.52%","USA","Analyze"
"NGVT","Ingevity Corp","Common stocks","Mid cap","Materials","$2,425,006,665","0.00%","USA","Analyze"
"ENS","Enersys","Common stocks","Mid cap","Industrials","$2,407,853,913","1.18%","USA","Analyze"
"TRIP","TripAdvisor Inc","Common stocks","Mid cap","Communication Services","$2,381,668,651","0.00%","USA","Analyze"
"VSH","Vishay Intertechnology Inc","Common stocks","Mid cap","Information Technology","$2,374,667,226","2.18%","USA","Analyze"
"FULT","Fulton Financial Corp","Common stocks","Mid cap","Financials","$2,338,999,975","3.86%","USA","Analyze"
"VSAT","Viasat Inc","Common stocks","Mid cap","Information Technology","$2,313,503,172","0.00%","USA","Analyze"
"PEB","Pebblebrook Hotel Trust","REITs","Mid cap","Real Estate","$2,299,962,559","0.23%","USA","Analyze"
"HPP","Hudson Pacific Properties, Inc","REITs","Mid cap","Real Estate","$2,289,406,547","6.20%","USA","Analyze"
"KBH","KB Home","Common stocks","Mid cap","Consumer Discretionary","$2,269,612,724","2.33%","USA","Analyze"
"WING","Wingstop Inc","Common stocks","Mid cap","Consumer Discretionary","$2,254,803,605","0.65%","USA","Analyze"
"NUS","Nu Skin Enterprises Inc","Common stocks","Mid cap","Consumer Staples","$2,229,245,323","3.40%","USA","Analyze"
"CALX","Calix Networks Inc","Common stocks","Mid cap","Information Technology","$2,217,478,246","0.00%","USA","Analyze"
"BDC","Belden Inc","Common stocks","Mid cap","Information Technology","$2,199,531,898","0.40%","USA","Analyze"
"BFH","Bread Financial Holdings, Inc.","Common stocks","Mid cap","Information Technology","$2,155,786,477","1.85%","USA","Analyze"
"GHC","Graham Holdings Company Class B","Common stocks","Mid cap","Consumer Discretionary","$2,131,700,011","1.13%","USA","Analyze"
"HAIN","Hain Celestial Group Inc","Common stocks","Mid cap","Consumer Staples","$2,111,138,355","0.00%","USA","Analyze"
"KD","Kyndryl Holdings, Inc.","Common stocks","Mid cap","Information Technology","$2,065,802,739","0.00%","USA","Analyze"
"CNO","CNO Financial Group Inc","Common stocks","Mid cap","Financials","$2,065,140,341","2.95%","USA","Analyze"
"WOR","Worthington Industries Inc","Common stocks","Mid cap","Materials","$2,053,381,079","2.71%","USA","Analyze"
"DAN","Dana Incorporated Inc","Common stocks","Mid cap","Consumer Discretionary","$2,036,779,991","2.79%","USA","Analyze"
"MLKN","MillerKnoll, Inc.","Common stocks","Mid cap","Industrials","$2,029,730,381","2.79%","USA","Analyze"
"YELP","Yelp Inc","Common stocks","Mid cap","Communication Services","$2,025,865,357","0.00%","USA","Analyze"
"TRN","Trinity Industries Inc","Common stocks","Small cap","Industrials","$1,993,543,702","3.64%","USA","Analyze"
"AEO","American Eagle Outfitters Inc","Common stocks","Small cap","Consumer Discretionary","$1,992,167,814","6.05%","USA","Analyze"
"WAFD","Washington Federal Inc","Common stocks","Small cap","Financials","$1,983,395,396","2.29%","USA","Analyze"
"NAVI","Navient Corp","Common stocks","Small cap","Financials","$1,983,211,484","4.70%","USA","Analyze"
"TEX","Terex Corp","Common stocks","Small cap","Industrials","$1,971,585,000","1.75%","USA","Analyze"
"SABR","Sabre Corp","Common stocks","Small cap","Information Technology","$1,961,607,560","0.00%","USA","Analyze"
"KMT","Kennametal Inc","Common stocks","Small cap","Industrials","$1,942,002,847","3.37%","USA","Analyze"
"MTX","Minerals Technologies Inc","Common stocks","Small cap","Materials","$1,940,698,883","0.34%","USA","Analyze"
"MAC","Macerich Company","REITs","Small cap","Real Estate","$1,918,928,446","6.71%","USA","Analyze"
"CBRL","Cracker Barrel Old Country Store","Common stocks","Small cap","Consumer Discretionary","$1,898,973,788","5.79%","USA","Analyze"
"RAMP","Liveramp Holdings Inc","Common stocks","Small cap","Information Technology","$1,884,708,008","0.00%","USA","Analyze"
"ENR","Energizer Holdings Inc","Common stocks","Small cap","Consumer Staples","$1,871,031,933","4.51%","USA","Analyze"
"URBN","Urban Outfitters Inc","Common stocks","Small cap","Consumer Discretionary","$1,853,293,900","0.00%","USA","Analyze"
"VICR","Vicor Corp","Common stocks","Small cap","Industrials","$1,828,135,616","0.00%","USA","Analyze"
"SIX","Six Flags Entertainment Corp","Common stocks","Small cap","Consumer Discretionary","$1,823,947,996","0.00%","USA","Analyze"
"APPS","Digital Turbine Inc","Common stocks","Small cap","Information Technology","$1,516,252,942","0.00%","USA","Analyze"